{
  "stories": [],
  "versions": [],
  "backups": [
    {
      "timestamp": 1651809369700,
      "localPath": "/Users/kelvinkurniawan/Documents/BabelWorkspaceBackups/babel-2022-05-06.backup.zip",
      "cloudProviders": [],
      "id": "a16effdc-9e29-46c2-bded-ce2e39e1a30e"
    },
    {
      "timestamp": 1654308398892,
      "localPath": "/Users/kelvinkurniawan/Documents/BabelWorkspaceBackups/babel-2022-06-04.backup.zip",
      "cloudProviders": [],
      "id": "d8323e62-0f6d-4ef5-85a5-38b14c8cd0ef"
    },
    {
      "timestamp": 1655304898358,
      "localPath": "/Users/kelvinkurniawan/Documents/BabelWorkspaceBackups/babel-2022-06-15.backup.zip",
      "cloudProviders": [],
      "id": "fce58161-20bc-4312-b6de-cf0809033e37"
    },
    {
      "timestamp": 1656617212716,
      "localPath": "/Users/kelvinkurniawan/Documents/BabelWorkspaceBackups/babel-2022-06-30.backup.zip",
      "cloudProviders": [],
      "id": "daeb3578-3e19-4959-9945-1d411192f9d8"
    },
    {
      "timestamp": 1658327716932,
      "localPath": "/Users/kelvinkurniawan/Documents/BabelWorkspaceBackups/babel-2022-07-20.backup.zip",
      "cloudProviders": [],
      "id": "dd0dc0da-4116-4ce9-a81a-63c7c0ae71af"
    }
  ],
  "activity": []
}